index,feature_0,feature_1,feature_2,feature_3,feature_4,feature_5,target
0,0.2793239578970319,0.08568133659442602,0.11418830478844598,1.142441820058051,0.11192714000432874,-0.6761759938596448,2.0
1,0.0527543668006546,-0.024178277967598097,-0.13622977170223746,0.09978402858801773,0.990591324393788,1.5788276510210322,1.0
2,-0.121781345941174,-0.1480984810597173,-0.21599769241995398,0.012130406986206748,0.7922624708972406,-0.25512393390589205,1.0
3,-0.1679058419845129,-0.00638851774786132,0.2931822548148412,1.1359000386486078,-0.09265358302152647,-0.06343470228196046,2.0
4,0.07772689139950115,0.36883905423738794,0.21441490580050485,-0.03998463249085678,-0.0047540519756722075,-0.06406375396094832,0.0
5,0.4097792013610169,0.41942520351911017,-0.13839706042699865,1.1422457697963189,0.4070991557821345,-0.24458766881392716,2.0
6,0.2410217920720893,0.2973676222311601,-0.3069019537842481,1.1493500174624645,0.17529318557772458,-0.8066982419330736,2.0
7,-0.2436704175568304,0.19677115093561298,0.289648894751851,-0.2051705795879276,0.24084403231108045,0.9804027181720272,0.0
8,0.07538683558340313,-0.008677942426310828,-0.292169509404883,0.28570570362875514,0.18798325817169356,1.5635249411053809,0.0
9,0.1846166449988526,0.042842070297492624,-0.028912070597060125,-0.0752759238973222,-0.3696304975918568,-0.25962156794032604,0.0
10,-0.3876658577665332,0.017140743701506832,-0.2655759284315262,0.1183981076587954,-0.2298560585584508,0.8176259167155816,0.0
11,-0.1814359532883664,0.04669169111926958,-0.18884573308833064,-0.15287945074798706,0.6483347257879444,1.011219796070279,1.0
12,0.021647446868224982,-0.03891930884801987,0.29194551541495184,0.06360521082530328,1.0844006655188003,1.2727746301918992,1.0
13,0.027730647427466518,-0.2877483943555757,0.093924504586418,-0.15015967247970124,-0.0729234374483192,0.2273410367816365,0.0
14,-0.11585442320311555,-0.11643243839256423,0.06049056789150852,-0.4783200611644495,-0.4312294581282582,-0.06654749520319803,0.0
15,-0.09692538998399604,0.07146634768122624,0.08361419749675625,0.1646360681682076,1.5025511346915874,-0.011637853862994874,1.0
16,0.12417853825280815,-0.034566075292796164,0.16192213452517312,0.3807574641020064,-0.058538343680833986,0.9393425380848932,0.0
17,0.6580955162093477,0.1233294752202223,0.04620903092371848,-0.2145894450453034,1.175077469852248,1.1950761878315332,1.0
18,0.15641683694125155,-0.21428938910407064,-0.2677231245152781,0.12061810381079632,-0.055865696331462725,-0.3644101995956675,0.0
19,-0.04671791104033976,-0.10993276456854373,0.3617444710884332,0.049138694127893665,1.2579611348671589,0.10043391246488532,1.0
20,-0.032455174933356534,0.0109528679947774,-0.03675050040712216,1.2409697791987275,0.5526307503978378,1.404166574226394,2.0
21,0.024269387337010097,0.2421612476332223,-0.1755132734693381,-0.08191553664944205,-0.0980270382830394,1.1703127257308887,0.0
22,0.05855368313413019,0.3876251232035192,-0.2495885101846977,0.24608059961914594,0.9465027889436228,1.6077510160802782,1.0
23,0.16359141408851444,-0.013896167727613769,0.06999215657995507,-0.2813722618245941,1.6114379949042066,1.0415468068705245,1.0
24,0.19645003966270805,0.1063643904462412,-0.24174403578230325,0.9880721609645051,-0.0009006347726421012,0.15507338975472795,2.0
25,-0.2506323411594522,-0.004628283998097483,-0.07216465973003458,0.08067964008452237,-0.20680773588808074,0.6398432631433312,0.0
26,0.014804608503622063,0.003482322978236551,-0.0060312717775008184,0.049521190191963736,0.9639098970190144,0.8126345586341449,1.0
27,0.189247154161338,-0.2305413310444064,0.21740148002641504,0.3389094647012377,1.1033587258059252,-0.6176886494467121,1.0
28,0.028379336312812014,0.16553266863026167,0.39650420403633796,-0.30945387470671226,0.5332583436640667,0.5265561490953233,0.0
29,0.010147922800970596,-0.17549792195168884,-0.16572522938773704,0.6493486820500767,0.4373941857967349,0.9312389933459648,2.0
30,-0.1557851316061911,-0.13886927979006367,-0.15934678182662942,0.29725413277688795,1.3551260619974637,-0.3995021789470983,1.0
31,-0.10201884325538783,-0.5095311337944635,-0.252021577729351,-0.4676979802564639,0.9121216289896728,1.10632463766462,1.0
32,-0.3119457954912124,0.4081028259829088,-0.35753534449015817,-0.11001112167424594,0.032685144321522835,0.6229878806124384,0.0
33,-0.1944541718977188,-0.2776439613664572,0.4380676108559057,0.2339195982868653,1.3178887737485396,1.5276201523217812,1.0
34,-0.012365927413108236,0.16870487304165094,-0.28068050539057465,0.09560243654601264,1.041613052053264,-0.7061597346909406,1.0
35,-0.07027507322148872,0.44942163171238064,0.16021071531675246,0.8572052525543008,0.14314569533903965,-0.15887638278660088,2.0
36,-0.10030511797145908,0.056023120452604186,0.003148100195448715,0.02441902463720793,-0.19325244596386665,0.6666448197321327,0.0
37,0.011849667829103504,-0.2151033413209881,-0.09613888605745634,0.2515732023036101,0.8557770326192128,-0.08218983968673277,1.0
38,-0.4796928038247604,-0.00662846886230422,0.01505755248525661,0.6158105281213215,-0.04809024119528063,0.9437689283191564,0.0
39,-0.2895911722981357,0.3758495754417877,0.21934057264391785,0.9447589565425841,0.006721459748632696,1.0532264594619158,2.0
40,0.05801248433940907,-0.36202108537433103,-0.3518659435941388,-0.17961105531310897,-0.05336178792796181,-0.5586151119694744,0.0
41,-0.3555634273994185,-0.16164322106063164,-0.27038700090359874,0.4217854087681412,1.2204099392373626,0.4513213421624104,1.0
42,0.5786646416683772,-0.46681629814793696,0.17156504759362834,-0.4031789677974129,-0.11798296644735835,0.4391337344760965,0.0
43,-0.12343914579032812,-0.38914547466493776,-0.10702879024147813,1.3751899476585776,0.2125554355283732,0.0963576229373716,2.0
44,0.18973214744669128,0.07029785599234395,0.026050275987969017,0.9843517180251194,-0.18849114721666907,1.4802414943239943,2.0
45,-0.3200760996677236,0.21811433207003614,0.16255029448966524,0.9752060340551544,0.4616592490119165,1.2214132320186364,2.0
46,-0.18259165792928414,0.054114647395493716,0.011392959975953446,-0.16290008690145427,0.5359860223313314,0.9015024347888526,0.0
47,0.205120545299341,0.12681850777682446,0.2666686723972885,1.2923238976114182,0.3455397477593818,0.9435294724402375,2.0
48,-0.04423680687351235,-0.19957431113461346,-0.3448298070036318,-0.18273250998547974,0.9917182567815508,0.3233090350119873,1.0
49,-0.07439087583999797,0.3439267033279049,-0.03751389675813168,1.0313941133678857,-0.0432679560709674,1.4509495929828558,2.0
50,-0.11162873801675527,0.21409969858086808,0.05352343603255099,-0.311434694677997,0.0432952314627955,0.8950845378596891,0.0
51,0.05209570198688812,-0.5104337171060727,-0.061794345630149225,0.8295039380005503,-0.2504050024737289,0.9795096662386844,2.0
52,-0.04767060019083665,0.05435821829493072,0.21751693267218852,1.1239204719931513,0.037604726285894105,1.305344732358209,2.0
53,-0.2223786074063808,-0.2039525712413596,-0.01927542735352605,0.08528799370416097,0.06917269983250476,-0.13740416327820806,0.0
54,-0.20724875273051807,-0.1400452600492424,0.18682340128081545,0.1525925663583662,-0.005225398491037033,1.1712392960187383,0.0
55,-0.01566977431829297,0.2387855801253096,-0.24643151158388596,0.1260116288794611,0.8674355954068897,-0.330953482972178,1.0
56,0.2722376492418415,0.01607000477386569,-0.2694361944823265,-0.17882592731499206,0.16989943723366896,0.03758197969185895,0.0
57,0.27019518138865545,0.208480538637226,0.11479501980710916,-0.017541427864661757,0.5847597666210022,0.013688776028801251,1.0
58,0.006127543564735678,0.12449957281136245,0.3627859019487604,0.2398177065213017,0.5382956143778891,1.5922021158847586,0.0
59,0.18974230512331688,-0.19320630363439292,-0.059204651685002226,-0.12134088695727585,0.02046853484658064,1.2926911894903146,0.0
60,-0.1871216341391384,0.3877879938806307,0.02891865857321467,0.2948242960159566,0.016879620352527238,0.9112263794328516,0.0
61,-0.4231161574287048,0.3823875798651534,-0.03950197464474736,-0.106720267486855,0.7469739061849581,0.974785039784192,1.0
62,0.1954557179443276,-0.3092376777195205,-0.3301141532710691,0.1304853914042244,0.07424616830829651,0.5697091162353479,0.0
63,0.017891559304848117,-0.11941436169127916,0.11974495643659795,0.08341552632173707,1.2593849860644748,1.5150220033232948,1.0
64,0.1010127142036346,0.4715464753026326,0.04364445320795974,0.06438759768069109,-0.018611478941541804,0.40811957452617376,0.0
65,-0.052030562589318805,-0.1232502336647082,-0.14734118923605288,0.21240052425525616,0.08925387149126184,0.12394705350596925,0.0
66,0.11814937060326075,0.06400743357846891,0.2456727459863785,0.41636861111564416,1.2535925162545327,-0.4100252746047856,1.0
67,0.3603183222665289,-0.35896553779485985,0.2907909380387399,0.0025582652548967627,-0.2453771627619877,1.1200100086702711,0.0
68,-0.12543926089613416,0.2288505294255185,0.08218777741492111,-0.1324400509417597,0.12831685827833902,0.9929223469851932,0.0
69,0.2209149843716681,0.1630807196033549,-0.3940980392460624,1.369135087431474,0.3450228385368629,0.1333686323104828,2.0
70,0.4622390237363363,0.2816412573869393,-0.06722217263870764,-0.2766314771854176,1.6433399508124649,-0.7484608522858125,1.0
71,0.06205514657508403,-0.11484022488506106,-0.21246109236619795,0.2075839541360614,0.7859790435227831,1.2496264620304398,1.0
72,0.5151869812204968,0.4388352106108011,-0.062241037119768375,0.24289273773858885,0.1613439873962869,-0.7822828977149959,0.0
73,0.3600293038623682,-0.16909807551481745,0.4502351082277039,0.989960512338914,-0.35769377552951204,0.9174379459467316,2.0
74,-0.1918368907220124,0.21808015918016954,0.045835501434587936,0.5474507333044181,-0.20207457133878787,1.5719012764864595,0.0
75,-0.14268657343736907,-0.2080888932760572,0.11785388909660102,-0.1380557610702428,1.1582329544388776,0.2642485891039693,1.0
76,0.205475626093806,0.02176176705954281,-0.07475183761646688,0.02294019413387557,-0.4968922286502232,-0.23339975242964195,0.0
77,-0.17858785450659195,0.4664436277861891,0.11845823022794688,-0.2978258743006621,0.16413840215845746,0.9203136025925772,0.0
78,-0.23173261789452074,-0.014881339015450018,-0.8103168350172681,-0.2560969103335725,-0.06314203784829008,1.195932271344359,0.0
79,0.6317331064684054,-0.13271719323008016,-0.12235986062955552,1.261040219267268,0.17047287240657785,0.5313030125331216,2.0
80,-0.05853423923729514,0.3948032038768479,0.1918586822882272,-0.11736859648373806,0.13564001089649114,1.5639908861893397,0.0
81,-0.024722413297785663,0.2297691207469421,-0.07256863604716284,1.0668480785179757,0.0804244515490034,-0.6834575074246138,2.0
82,0.16741813720750962,0.09164956152421208,-0.2349699465818388,-0.1284667293341734,0.7351966195277622,0.4290796144742809,1.0
83,-0.6248514287183933,0.5727356431476854,-0.347393116690899,0.588650313260777,0.2556426080024101,0.9536630301510002,2.0
84,-0.197618613861328,0.11786708928399893,0.4705061241187584,0.3363550115387444,1.3982966566598494,1.3076761520868327,1.0
85,-0.1387998816732996,0.4702892673601475,-0.36200347510406106,0.4502985108449795,0.1100036125133331,-0.37020053904290784,2.0
86,0.08944684008707082,0.1401961315920586,0.27076281079381925,0.2634505130087257,-0.3444173419892728,1.153887049107388,0.0
87,-0.35342862422624505,-0.02780651533717508,-0.22597691036619744,0.8161175143525583,0.3090232938026093,0.5467139900438641,2.0
88,-0.2246169954477593,0.007045289342282063,-0.002279749161050886,1.2714738914578945,0.1186745582199882,0.1633192805549235,2.0
89,0.20679581225900595,0.003250472969476755,0.3633835192893292,-0.06616420830948902,0.6800422916474047,-0.4869242790720312,0.0
90,-0.1981301846081752,-0.028684110366724757,0.12624681974511429,0.2164387985425304,-0.3000741017639441,1.3141955318770795,0.0
91,-0.0030616932117286558,-0.22431359287145788,0.018951139548431584,-0.16929042787802792,0.2437799333544378,-0.4241727076263381,0.0
92,-0.0836253089602371,-0.11873632779023904,-0.16333230814342795,0.4413635600702742,0.10124542774023887,-0.04971199993366293,0.0
93,0.0038947618953668844,-0.27406877172380045,-0.3600127206485736,1.3986262658062427,-0.21174033707958195,-0.09818423379702644,2.0
94,-0.30354715319693304,0.2895277183750169,0.197915673490734,0.15602995426303878,0.15708637731606998,1.3292173915900405,0.0
95,0.08272005805361426,0.2083822404022312,-0.4984339106428639,1.093514142461893,0.30691724811832305,0.8413332692728018,2.0
96,-0.3279590580875399,-0.26627841576884315,-0.07630617608866691,0.8476219494601792,-0.0467428257463615,1.14573052033087,2.0
97,-0.4512205251661298,-0.40688560947079067,0.0120212366653455,0.06493062543037048,0.7739208437238978,-0.19535698687738945,1.0
98,-0.06876292428791099,-0.5754802911838962,-0.3787977655496381,0.3417185668611312,1.411241928375321,0.7239016546711666,1.0
99,-0.3986069146985918,-0.14984375573844322,0.0013109249295457915,0.011745148441185514,-0.11251636786981092,0.5934591564919284,0.0
100,0.16068068996688598,0.33228813253310785,0.04913029242536753,1.177250939397128,-0.02243392357180668,1.2344850917170302,2.0
101,-0.12932211252509304,0.352336860046395,0.5747245309048126,-0.09070964010991477,0.8886243696498071,1.4143481372260824,1.0
102,0.17850012352302302,0.1183094061433862,-0.018207228164218197,-0.21169842951710124,-0.37871180617146616,-0.7804689927283109,0.0
103,0.04896131377442039,-0.244593194403758,0.10206318892861796,-0.4256459010594601,1.2572889093314108,0.8445666413320844,1.0
104,0.005250960408189761,0.17048824282374098,-0.07756668914836401,0.08104158812211053,-0.032535763591921146,-0.6830472914607648,0.0
105,0.3115212981244073,-0.5183475581020374,-0.08567189852008719,-0.09286021649894786,0.6481220763205446,0.5372652022555083,1.0
106,-0.3328082383894445,-0.4590513432758242,0.12699783172813592,0.7241583484565316,-0.5382226482381207,-0.10410825409529444,2.0
107,-0.05524239988330575,0.1535416750108563,0.18937692751182628,-0.13262528690263187,0.85604543983883,-0.05710537772270885,1.0
108,0.4691989531395165,-0.19344729977589328,-0.31116367582785426,-0.4446800622260697,1.3740110778722958,0.056282472635168064,1.0
109,0.09714465113274104,0.6232498793581976,-0.0015177278849733311,1.2096226936129104,0.020457339636891253,0.7151078280231989,2.0
110,0.0983713463554374,0.22379830500693307,0.15879295042049238,1.2623881788298337,-0.133808802890142,0.009857395489552223,2.0
111,0.15964811469434348,-0.41538001556724,-0.016519949661829143,-0.30275404994061417,0.8370409730494602,0.9886382368920352,1.0
112,-0.3152209885837613,0.229465486763694,0.5305390492531583,0.2581163151377867,-0.37984249148850335,0.18289666978807967,0.0
113,-0.286586348254672,0.07565886630975831,-0.18856896250483948,0.983965413351752,0.0821906025758701,-0.6424930384943035,2.0
114,0.1075104117977674,0.2575708635079605,0.05969728975662837,0.9352394635448242,-0.04908746227124457,1.1140049484758756,2.0
115,0.03202610372769732,-0.1702629143687202,0.21016088724718104,0.8368440051744023,-0.11154585830369493,-0.10871037469469913,2.0
116,0.276381483239496,0.29675757639009503,0.15968255550729615,0.7142487718173791,0.408357883075274,0.2522315228416031,2.0
117,0.09034890137710347,0.3845091416164923,-0.008956509777487884,0.3911609139535016,-0.6549362760224361,0.8726152627353444,0.0
118,0.08033930386256828,0.1054801885588212,0.40342781726466176,1.1133835753784949,-0.06103915882266218,0.005944206413492581,2.0
119,0.2524542723356585,-0.17203758629443094,0.5631089513360772,1.2454413717478985,-0.08120784587715561,-0.6713852326896258,2.0
120,0.13472751092116467,-0.2593115385816141,-0.04758466952090205,-0.2189045633461893,0.6543000672589161,0.10775063548842023,1.0
121,-0.1992238138676192,0.144268031795135,-0.05076134651074817,0.0927864683428272,0.8490037033210449,1.5085350409701483,1.0
122,0.11011868449009976,-0.004909449731670304,0.13812248860428694,1.055978533516165,0.34103510749346105,0.7652978022732358,2.0
123,-0.30241025467280136,0.41814309670942573,0.1047547523415113,0.8237470360603978,-0.013942269414426502,0.8383284296422809,2.0
124,0.188847806456439,0.1252292969060952,-0.24438881119963776,0.024833076357306468,1.1878467808429471,0.7420902361367264,1.0
125,0.0769504422230148,-0.4275420981641564,-0.33704635552642825,0.18581602350567875,1.0427163595319855,-0.32174254607453795,1.0
126,0.1395817281304306,0.019001347853102875,0.1346889981115923,0.7698316017301584,0.0423402060090195,0.21679494569533164,2.0
127,0.026343876536489976,-0.3335063737295511,-0.15034191098780342,1.079945483535634,-0.3982484333829173,1.0334237265078454,2.0
128,-0.02017914502714558,0.019658797579022648,-0.4995501711330269,1.2290819186756203,0.08662211897449817,-0.5614216193615635,2.0
129,0.20892302801628546,-0.2824267136644045,0.1324510444788207,0.3603921551644751,0.3820888749681777,-0.1281204265628273,1.0
130,-0.14390945655944348,0.030502453661340363,0.6400211345671987,-0.024014974931162468,1.287318331571419,-0.13188595505415113,1.0
131,-0.2968996047573782,0.07745517755675688,0.15844422023302462,1.1034497743628746,-0.046321914719427065,0.2503951180429101,2.0
132,-0.17579410628147185,-0.008747122624240425,0.4427001589088775,-0.15674176444694185,1.453112139499232,1.5967278000732932,1.0
133,-0.209930460545194,-0.14984816136100554,-0.5309739310774517,-0.13143875542019026,-0.1897831653884245,-0.6445816008500808,0.0
134,0.1515024878364099,-0.3201073381240708,0.4386985454960912,-0.5204823519709305,1.4241140920725095,0.4632207571136707,1.0
135,0.3934966908225082,-0.3064414157505853,-0.3660937200524551,1.0561129546399928,0.26177457565303863,-0.3699327453049704,2.0
136,-0.07738660982849757,0.0815332555605295,-0.3127783940963257,0.23100675480172525,0.9537744658892529,1.5729310935032834,1.0
137,-0.20555509889160786,0.060921802872978076,0.06124164277718069,-0.12673579384278244,-0.1177595764045807,-0.5321290656590811,0.0
138,0.0185236951049438,0.40715388639282296,-0.34502536455372285,-0.4258456098387887,-0.013886924724154695,0.1806221728074745,0.0
139,-0.29581462816644377,-0.5098080444400251,-0.06735170861113944,0.17938556394899058,0.375589263024007,1.001370971708468,0.0
140,0.268407937464943,-0.25662882485276506,0.033242418536719,0.8249697962652067,0.2987616572312106,0.9195363164438024,2.0
141,-0.3052109124927556,0.05221589875118885,-0.4899175309699439,-0.3320465122246076,0.04921530896728088,0.2275851859680088,0.0
142,0.16217747189741066,-0.04177952007921359,0.036678421608330715,1.301627241627089,-0.20423391774680905,0.040484607915519,2.0
143,0.3874836012543849,-0.19581332308405927,-0.0805153790514189,0.20337930434241744,-0.3077160791084888,0.16591863911819826,0.0
144,0.23457095149399945,-0.12901118205434348,0.02403019423524584,-0.11556882217626062,0.8913759431419211,-0.1614540807780468,1.0
145,0.011609137039037204,-0.3399640352449798,0.1865633915068052,1.1613710452852688,0.5408136808263649,-0.3061743344652963,2.0
146,-0.07016876921669353,-0.4232392035488464,-0.024584906698687476,0.7528522232122706,-0.27589732930394273,0.37566356601783657,2.0
147,-0.279917473656536,-0.32367036893022644,0.29020669684462985,0.8830746996720271,0.08662597043267893,-0.1510008961369098,2.0
148,0.05686498365103235,0.326785688570607,-0.4018708086403069,0.04615846463307605,0.06497069856210587,-0.10452825834341062,0.0
149,0.1584797555795028,-0.5062856466644018,0.04661357869235691,-0.165446616192097,0.21310833369905602,0.8021796605669936,0.0
150,-0.3109658088478213,-0.17322629944897686,-0.17960181639229936,1.2237310942361104,-0.07373741957300695,1.5676788015150032,2.0
151,-0.1255135560881528,-0.2553082042826783,0.17708911182483833,1.0609501784427997,-0.1410196576841821,0.6717598821076968,2.0
152,-0.08394617482253205,0.41725538132234813,-0.0648978378409012,-0.37578573827952655,0.9385642339785141,-0.6213134473401157,1.0
153,0.09124025061655636,0.6008538963095688,-0.014404699258396348,1.0502747616787418,0.262663599001903,-0.6247406077975576,2.0
154,0.0921683272182253,-0.09833470308184017,0.007186205733704372,1.3196129656518247,0.047774767004975835,1.5256594806249253,2.0
155,0.4209819228644672,-0.114721065717235,0.2696702083578239,0.9903728826248231,-0.043156824985204914,-0.08039535548969856,2.0
156,-0.4173513202803429,0.13584004809498376,-0.16565593973646167,0.14264966714828986,0.8091852108643708,-0.5842699042411994,1.0
157,0.07244371422410323,0.5188501996613597,0.2177811758579231,-0.08150588304196027,1.3003034805409859,0.6604838948128154,1.0
158,0.03542922840997618,0.5798323849954236,0.09832945984859297,1.048012279122508,-0.07727911605062535,0.7208931916525791,2.0
159,0.04497353778836962,0.34800057158614983,0.22957915150057825,0.6073748490942057,-0.2474070341425844,0.7819208434269415,2.0
160,-0.3538426855126036,-0.10516133069133976,-0.08567862913169237,-0.20056931730540475,-0.04032142791650229,-0.15377956522605474,0.0
161,-0.2344562599787807,0.12875881680216494,0.1284464877280522,0.12876192157651198,0.9631828726636804,-0.7732164157035676,0.0
162,0.044425250233313465,-0.3338360896775253,0.0950494627514908,0.1526464363209558,1.1399476119827598,1.5590315242469792,1.0
163,0.4486394658794469,-0.12940282475904286,0.05594698790972463,-0.004105724018188019,1.297098318362021,-0.19431314743344152,1.0
164,-0.10296924153061683,-0.1219015560181234,-0.10813954695490524,0.0986130355945742,0.8947538797949343,0.8494927671057276,1.0
165,0.12311281600203727,0.07229216097695453,0.6138250349777236,-0.15943499606282902,0.8672507612495456,0.924632032948112,1.0
166,0.10319523173412458,0.2055150399986225,0.4741982456634869,-0.061347029000717625,-0.1884340410893724,0.6874003190767103,0.0
167,0.5476139064524946,-0.2476340812826721,-0.14157443240069298,0.024912841271910305,-0.1258689135290498,-0.042052779802408624,0.0
168,0.08462410187360353,-0.10382197847520032,0.1581954665265712,0.567673214451099,1.045466563764624,-0.14470933860850022,1.0
169,0.04947769586566195,-0.1628545009036121,-0.1209714585135804,0.91991317295142,0.1060414866004791,0.6571047313422912,2.0
170,0.06975538144258481,0.1519741274291348,0.046652280789089534,0.8883915963623679,0.048522498224576896,1.3161594195773532,2.0
171,-0.09024154145476998,0.289832450841062,-0.27026583189997433,0.15398390173606594,1.148275314492096,1.5141456329254237,1.0
172,0.3293485164085814,0.04939990117309991,0.5188152181563164,0.8277030454776079,0.4339909507913123,-0.5502922262460584,2.0
173,-0.1393729462519584,-0.34245074489476945,-0.022070512087813705,1.6449273344135795,-0.2009186419924327,-0.430174786675649,2.0
174,-0.1670226134107622,0.2480105873841307,-0.04373993917385216,0.8110637101267888,0.13412746089260089,1.5092413560098006,2.0
175,0.1557124830868747,-0.2669051073456486,-0.035594871255323374,0.03007390792797472,0.12860970851468725,0.9980569899321492,0.0
176,-0.11979355946132247,-0.04641474416595428,-0.27658374350150705,-0.2990516560201677,0.2031314555985495,1.3576486050394756,0.0
177,0.024248991248179547,0.1487892563592284,-0.20455517080836813,0.5230968189213651,-0.2515043453749255,-0.3128042415200527,0.0
178,-0.017900314853515988,-0.009305559127460398,0.18190738590924496,1.0129864714518249,0.1831600193038948,0.6323499490640362,2.0
179,-0.3361126277585693,-0.2296629866210496,-0.25103519168801697,-0.1919493912760321,0.9913287781533048,0.9111520661333432,1.0
180,-0.12750409971368676,-0.06746873382334281,-0.24469092894557684,-0.1110733150190279,1.094325123261213,0.8595239062870319,1.0
181,-0.4880219498806255,-0.03794627375889583,0.14707930162114413,0.07024796693375816,-0.15567487995514845,0.19179522422653408,0.0
182,0.17824960754309702,-0.060081349539533764,-0.09370520188739938,0.17773999205087287,1.11106582787151,-0.7725186169531636,1.0
183,-0.3807967261959437,-0.13973046181789708,0.09430296876613023,1.391381007308585,-0.01643756526824695,0.6209089671607139,2.0
184,-0.006256739686285979,0.20444157480007175,0.34755188725432834,1.1394525765879655,0.0025881549608451518,-0.1888907566725605,2.0
185,-0.2599764817813827,0.15319347626564242,-0.26335389079341404,0.8440577598260487,0.4785078384666965,0.2951672775865449,2.0
186,-0.4723851827363828,-0.11307657981226918,-0.6059698316572392,0.6040242941285692,0.19010366403607434,1.5407783690249466,2.0
187,0.6099381015848182,0.34606820462762955,0.1409772800130899,1.1486885854163216,0.21335388969507693,0.16941230202130586,2.0
188,-0.07694455873825021,0.054787581915984734,0.062345920927688814,1.3943633199408687,-0.023823883096738024,1.251601163224224,2.0
189,-0.14341550172005907,-0.13671473531009806,-0.008188317553999597,-0.13585619278344124,0.8217885543307089,-0.3474036120504592,1.0
190,0.3421578893830872,-0.2412308651450261,0.17151286499960985,0.2646061217123969,-0.43968487160577857,0.8407378819312478,0.0
191,0.3390600071427057,-0.018002530395083458,0.25088322447300604,0.09040900626190854,-0.16127993865128107,1.5884737933623376,0.0
192,0.033385226195570585,-0.038117459095135975,0.1770271691721476,1.2391755791986458,-0.19649736512698734,-0.5601443931937609,2.0
193,0.17693798386386886,-0.1406166939735669,0.15810193476388024,0.2431386124066825,1.155452490554299,-0.7898893453739535,1.0
194,-0.0871630336019648,-0.0873144260796072,-0.08040876280434565,1.5191869958902102,0.09548386305788834,0.2542347885595025,2.0
195,0.0293318458271955,0.3194162239471062,-0.14789284720895748,0.13677434529250948,-0.05054816310847352,-0.5828986578146831,0.0
196,-0.09478193524687176,-0.050895090025590436,-0.14542022848716096,0.7463108173267833,-0.16231938626650178,1.0271494760185953,2.0
197,-0.5527838272519713,0.05890363952714149,0.1927162984717417,-0.3696465614449604,1.2859385108017325,1.4351234395576786,1.0
198,-0.05442030080680507,0.2746942129967975,0.20635408724700746,0.20337740900015966,0.3263697017885823,0.2553106276366169,0.0
199,-0.2478480873640768,-0.5383475284009287,-0.15974043692237555,0.6692275516481254,0.41050379003409226,-0.17511658405124186,2.0
200,0.3633461192794252,0.3948930364326781,-0.13071500678831707,-0.10504670427396433,0.9295538477848732,0.2562493811551191,1.0
201,0.10908091741850802,0.009500869542050072,0.030007831679565326,1.1533794931826042,-0.2556981412996014,0.9659242016464166,2.0
202,-0.371390093259243,0.06676256646731471,0.22240769890585926,0.020570997318856046,1.2663700937663378,-0.7880866575879775,1.0
203,0.1307088720088749,-0.14342500098464475,-0.00608864806524571,1.535567589652966,0.4318857925251777,0.6369366358127867,2.0
204,-0.12105851821656285,0.3167277872966557,-0.1769173664046952,0.11095485703655712,0.1936585133573342,0.6954639984628901,0.0
205,0.032305295493806875,0.027348698651223226,0.181441655974673,0.1202523079341783,1.055971006069783,0.7553635150885564,1.0
206,0.235192796997054,-0.2456218483845774,-0.05615828749925615,1.1375130247561378,-0.2420861137159088,-0.2160935342706931,2.0
207,0.23154438688291035,0.4773541601175326,-0.3496418934547853,0.14074230917264272,0.8373393577195433,0.9428569507230954,1.0
208,-0.05491797195937798,0.0892781428779366,0.36947351118537897,-0.12956755456841185,-0.2021234007232969,-0.5859284210655551,0.0
209,0.0963293449322092,-0.22096435905028325,0.038431276486381984,0.014552179611499976,-0.2857425744576558,-0.32105950326663224,0.0
210,0.0676142064449597,-0.012559527362284238,-0.05973701171660244,-0.2268909155103995,0.8558071673579168,1.3440863808813623,1.0
211,0.19292467766208615,-0.7121356551575189,0.28719142509302586,0.565071555305475,-0.09061023535078304,1.003428873627719,2.0
212,-0.14057188231024315,-0.25320778008360595,0.07856183314881847,-0.2270060188803027,-0.3530759253338229,-0.7765681436753159,0.0
213,-0.03197939787019164,-0.23888511015010644,-0.4016115800643931,0.050865908966805776,0.8109123136789241,-0.20049246991927805,1.0
214,0.2758254705041304,0.02855691216550991,0.0375754403654694,-0.09090305305346397,0.9857635940697332,-0.28389656776012673,1.0
215,-0.1172939130261762,-0.4282836322727194,0.3384680935413532,-0.028634961313154468,0.30945407799336544,-0.14542117705951374,0.0
216,-0.15042665305734926,0.4630695461272344,-0.0033743061844834802,-0.2644277322389751,0.20563622802579729,-0.20249715245193697,0.0
217,0.004604594797387925,0.4191093280688207,0.08173184344104066,-0.05477513220221606,1.2073513952958723,-0.6567995119585373,1.0
218,-0.2675211915815381,-0.3813812927311847,-0.1729770174703111,0.9886034959111256,0.060834862330672965,0.3164941924726562,2.0
219,-0.3925561799726141,-0.18178429395621715,-0.061879658887876186,-0.018608357275011568,1.1551680243876694,0.9887227566982688,1.0
220,0.12983662856029307,0.3831847282506444,-0.0271900371142144,0.10042793052473536,0.17253599792777813,0.6793576945039396,0.0
221,-0.4602185578329113,-0.3198942416839254,-0.1562046444239197,0.006522762552708446,1.1294147551172808,0.8417474060833728,1.0
222,-0.001993160329154343,0.3699860347225065,0.019342076911904576,-0.21532105033206592,1.3807810193174144,-0.6110757875620639,1.0
223,0.1804180160108088,-0.2822629428043073,-0.13113006656994342,0.12234364030697953,0.6944680477770137,1.5258251834119052,1.0
224,0.17790371952222245,-0.2811605229594673,-0.3835285426839056,0.3194192054746273,0.08307850299489791,1.2483853511411978,0.0
225,-0.01173014471979602,0.11926020680578035,0.01920547276506384,0.6792519439528576,0.24906670486178498,1.1663764753344321,2.0
226,0.3498388591465005,0.2311584207281922,0.014907592480043532,0.8382658055736065,0.17455582840339748,1.2103093538475451,2.0
227,-0.06434413435583627,-0.41714601846939736,0.0998057806513198,1.1617989849256851,-0.1207966155748435,1.4797152018425774,2.0
228,0.11552586856581767,0.049764923893367514,-0.15005421928969867,0.017450521247504732,-0.09632839921544004,0.5259595419730022,0.0
229,0.10740455478314646,0.05192192179077778,0.06789470929884336,-0.31918714395507736,0.7297358648979344,-0.3185755784059348,1.0
230,0.4616768314340084,0.14598204633149098,-0.08982302269676487,1.1476637076730771,0.2771758951457269,0.7040375219632059,2.0
231,0.08102099234869875,-0.09627057010407912,-0.16923050007648968,0.15291907221021694,0.2577498806239877,1.0136386208890182,0.0
232,-0.1278039191077963,-0.2474012050646452,-0.03144673002491204,0.013931228072173651,1.273547879617737,1.0014505425368119,1.0
233,0.31193551816843346,-0.16837265606096713,0.06974854055595049,0.7911632366850607,0.5362872819433471,0.4699678412238694,2.0
234,0.09601636223482682,-0.008173687023523278,-0.5168605250099692,-0.022280009878197102,0.6738826248737867,-0.6422339635267977,1.0
235,-0.17996105209867716,-0.11515969273994688,0.2642805565547289,0.08590457239211535,-0.4407600388406835,0.10085604326365227,0.0
236,-0.07729303086715984,0.05553344290842821,-0.11968715541586933,0.3139390313933802,0.7763481744451239,1.4503900118190065,1.0
237,0.03130612566197682,-0.10735138528131324,0.030574375758070944,1.135824507259097,0.012215017581426084,0.6246479429948676,2.0
238,0.3664121922303885,-0.05644407512163393,0.01688205117198096,-0.3561870465533642,-0.13609568113129564,0.5114195298797001,0.0
239,0.27282753014856725,0.15228453022679425,-0.27307819116814475,0.9208978875762996,0.30327442499479584,-0.150215811399395,2.0
240,-0.15639067537738235,0.09895088335935226,0.1235075465706847,1.0651684414559768,-0.13757628846135506,0.0943152273410055,2.0
241,-0.2308083115277261,-0.3379211514040834,-0.2439683132443332,0.2634104491519599,0.7626502777920142,1.3879764299987625,1.0
242,-0.3059850666905641,0.008520867064806517,-0.19249330776466045,1.058446477947687,-0.3889739115509068,0.826012676564109,2.0
243,-0.06818089243691762,-0.6742216607353929,-0.013573716629453052,-0.05773363255216949,1.174051591203355,1.1229105715018877,1.0
244,0.14272262767329175,0.2838914100451497,0.23850044087330055,0.1628478128264495,-0.0788173111600864,0.3052121158771838,0.0
245,0.4911812832290973,0.008815887992932153,-0.1749313769981464,0.0534949776835555,0.9719179875772924,0.7370939758524674,1.0
246,0.2632882133332259,-0.009888788464163759,0.1703751743431561,0.007079594032615294,1.0074390348739364,-0.20047442786831493,1.0
247,0.02660755692297421,-0.06374430435521382,0.37599824714567215,-0.6627424520982529,1.2728767129806156,0.9217617552981062,1.0
248,-0.060309014464082475,0.0880138491285742,-0.312884856047611,1.360941151018315,-0.0205377945981422,0.2395488463987049,2.0
249,-0.17322739881516355,0.22489996885831268,0.07682488021915232,0.20321552970974,0.15740721048090306,0.2762404599394087,0.0
250,0.24950252746491305,-0.7240638445484223,0.5220936761951819,0.9651025929612066,0.2770457041843791,0.7839280164814051,2.0
251,-0.04599583408816978,0.00460848326634829,0.08689542634041776,-0.13493992007734038,0.8054238186494218,1.4884807017954045,1.0
252,-0.3658787370330296,0.07403006926614401,0.06526381804497232,0.0012783641606152224,-0.05864678334378672,-0.6531656256998817,0.0
253,0.037598446619051915,0.08543899394428986,0.4690427098039716,0.23760595954651256,-0.14422591391560075,1.2146291897564943,0.0
254,0.06262321258646912,0.08661205237424392,-0.1700061803946227,0.05806342429025089,0.07326811832467031,-0.09244490793767524,0.0
255,-0.13068075512975988,0.2622523064592223,-0.1760859226356898,-0.3521153240908899,0.6108427066190241,0.2796138173564383,1.0
256,-0.19821820806558604,-0.026757589988639457,-0.2588105806048435,-0.1384123263367955,0.7005305268527879,-0.7565142623096062,1.0
257,-0.06225900988909457,0.1441392407639416,0.07781253863588403,0.7697202021138094,1.2798937278586442,-0.071175207684546,1.0
258,-0.4137141679664424,0.20579264599047864,0.01832949179710097,-0.3224902249352635,0.676230306984096,0.4237655928241414,1.0
259,0.23282002977904964,-0.20980438080565966,-0.07730309396280365,0.08281585785089099,0.2438862817805898,-0.6723908486484722,0.0
260,0.050730755212824934,-0.378936028749308,0.3868763003325154,0.4489694182738804,0.8468028273789034,0.39544309118313736,1.0
261,-0.03676434537553466,-0.2063742991981279,-0.08034646041324836,0.10323286356890607,-0.14093113820099368,1.4659661309047525,0.0
262,-0.2246036678370895,0.12297979287662646,-0.3300583017551605,0.4578646914635885,0.2948600301803217,-0.5515507507605257,0.0
263,0.19775798676076173,-0.22734686369868476,0.3506985777340248,-0.3504627656980702,0.14671427345006754,1.066571805465586,0.0
